"loan_id";"account_id";"date";"status";"amount";"duration";"payments"
4959;2;19940105;"Contract Finished/No Problems";80952;24;3373.0
4961;19;19960429;"Contract Finished/Loan not Payed";30276;12;2523.0
4962;25;19971208;"Contract Finished/No Problems";30276;12;2523.0
4967;37;19981014;"Running Contract/Client in Debt";318480;60;5308.0
4968;38;19980419;"Running Contract/OK";110736;48;2307.0
4973;67;19960502;"Contract Finished/No Problems";165960;24;6915.0
4986;97;19970810;"Contract Finished/No Problems";102876;12;8573.0
4988;103;19971206;"Running Contract/Client in Debt";265320;36;7370.0
4989;105;19981205;"Running Contract/OK";352704;48;7348.0
4990;110;19970908;"Running Contract/OK";162576;36;4516.0
4996;132;19961106;"Contract Finished/No Problems";88440;12;7370.0
5002;173;19940531;"Contract Finished/No Problems";104808;12;8734.0
5005;176;19970410;"Contract Finished/No Problems";27456;12;2288.0
5015;226;19980712;"Running Contract/OK";109344;12;9112.0
5027;276;19981202;"Running Contract/OK";160920;36;4470.0
5032;290;19941103;"Contract Finished/No Problems";123696;48;2577.0
5034;303;19980530;"Running Contract/OK";112752;36;3132.0
5036;309;19981125;"Running Contract/OK";91248;48;1901.0
5039;314;19970503;"Running Contract/OK";66840;24;2785.0
5041;319;19970711;"Running Contract/OK";369000;60;6150.0
5042;330;19980712;"Running Contract/OK";331584;48;6908.0
5043;339;19971225;"Running Contract/OK";468060;60;7801.0
5044;344;19941221;"Running Contract/OK";100980;60;1683.0
5045;347;19950501;"Contract Finished/Loan not Payed";187224;24;7801.0
5046;349;19980909;"Running Contract/OK";42816;12;3568.0
5051;378;19971011;"Running Contract/OK";230400;60;3840.0
5060;426;19940719;"Running Contract/Client in Debt";252060;60;4201.0
5061;440;19980313;"Running Contract/OK";84288;48;1756.0
5063;442;19970710;"Running Contract/Client in Debt";357840;48;7455.0
5072;472;19970428;"Running Contract/Client in Debt";196800;24;8200.0
5082;501;19961024;"Running Contract/OK";262980;60;4383.0
5086;525;19970716;"Running Contract/OK";210384;48;4383.0
5088;544;19960822;"Contract Finished/No Problems";91152;24;3798.0
5103;666;19971128;"Contract Finished/No Problems";12540;12;1045.0
5110;675;19970401;"Running Contract/OK";102240;60;1704.0
5117;718;19970820;"Contract Finished/No Problems";76944;12;6412.0
5124;785;19980212;"Running Contract/OK";156096;36;4336.0
5125;789;19951123;"Running Contract/OK";73056;48;1522.0
5126;790;19940724;"Contract Finished/Loan not Payed";208128;48;4336.0
5128;808;19960411;"Running Contract/Client in Debt";215616;48;4492.0
5130;813;19940511;"Contract Finished/No Problems";24312;12;2026.0
5131;816;19950108;"Contract Finished/No Problems";48624;24;2026.0
5132;817;19950217;"Running Contract/OK";538500;60;8975.0
5134;825;19970202;"Contract Finished/No Problems";53076;12;4423.0
5136;846;19960728;"Contract Finished/No Problems";187104;24;7796.0
5138;854;19950530;"Running Contract/OK";87216;48;1817.0
5140;873;19980224;"Running Contract/OK";178500;60;2975.0
5145;915;19950916;"Running Contract/OK";309552;48;6449.0
5147;938;19980521;"Running Contract/OK";22260;60;371.0
5148;940;19960529;"Running Contract/OK";284280;60;4738.0
5151;960;19950524;"Running Contract/OK";189060;60;3151.0
5154;993;19980701;"Running Contract/OK";108720;60;1812.0
5158;1004;19980411;"Running Contract/OK";188532;36;5237.0
5160;1011;19951218;"Running Contract/OK";204000;60;3400.0
5161;1012;19941028;"Contract Finished/No Problems";98184;24;4091.0
5169;1068;19980924;"Running Contract/OK";253200;60;4220.0
5170;1071;19940120;"Running Contract/OK";253200;60;4220.0
5172;1083;19980416;"Running Contract/OK";50976;36;1416.0
5174;1093;19970613;"Running Contract/OK";385104;48;8023.0
5176;1106;19941112;"Contract Finished/Loan not Payed";192552;24;8023.0
5189;1166;19940207;"Contract Finished/No Problems";149040;48;3105.0
5206;1242;19970907;"Running Contract/OK";128544;24;5356.0
5207;1244;19970228;"Running Contract/OK";35904;48;748.0
5208;1247;19950316;"Running Contract/Client in Debt";99696;48;2077.0
5209;1250;19961125;"Running Contract/OK";182640;48;3805.0
5210;1252;19970401;"Running Contract/OK";148140;36;4115.0
5212;1256;19950529;"Contract Finished/No Problems";71064;36;1974.0
5214;1270;19970701;"Running Contract/OK";74772;36;2077.0
5221;1284;19981205;"Running Contract/OK";52512;12;4376.0
5226;1318;19981011;"Running Contract/OK";185544;36;5154.0
5229;1329;19970906;"Contract Finished/No Problems";23520;12;1960.0
5236;1374;19970915;"Running Contract/OK";389136;48;8107.0
5237;1375;19950829;"Contract Finished/No Problems";45336;24;1889.0
5241;1389;19980902;"Running Contract/OK";125472;24;5228.0
5245;1407;19980117;"Running Contract/OK";125472;24;5228.0
5253;1447;19970603;"Running Contract/OK";100080;48;2085.0
5260;1480;19980119;"Running Contract/OK";123300;36;3425.0
5265;1498;19981007;"Running Contract/OK";165780;60;2763.0
5269;1527;19941119;"Contract Finished/Loan not Payed";164052;36;4557.0
5270;1528;19970721;"Running Contract/OK";191088;48;3981.0
5281;1580;19971127;"Running Contract/OK";194256;24;8094.0
5282;1583;19960824;"Running Contract/Client in Debt";388512;48;8094.0
5285;1603;19940206;"Contract Finished/No Problems";78936;12;6578.0
5287;1638;19980126;"Running Contract/OK";64224;24;2676.0
5293;1656;19981029;"Running Contract/OK";189792;48;3954.0
5301;1698;19960706;"Running Contract/OK";141948;36;3943.0
5304;1718;19980820;"Running Contract/OK";172272;24;7178.0
5310;1762;19950428;"Contract Finished/No Problems";248148;36;6893.0
5311;1766;19960615;"Running Contract/OK";30060;60;501.0
5312;1772;19960313;"Running Contract/OK";202788;36;5633.0
5313;1776;19980527;"Running Contract/OK";43200;24;1800.0
5314;1787;19930705;"Contract Finished/Loan not Payed";96396;12;8033.0
5316;1801;19930711;"Contract Finished/No Problems";165960;36;4610.0
5318;1808;19980930;"Running Contract/OK";385584;48;8033.0
5319;1811;19940623;"Running Contract/OK";239460;60;3991.0
5320;1819;19980111;"Running Contract/OK";143676;36;3991.0
5325;1843;19930803;"Contract Finished/No Problems";105804;36;2939.0
5329;1862;19961016;"Running Contract/OK";396120;60;6602.0
5332;1869;19980129;"Running Contract/OK";37944;36;1054.0
5334;1876;19980910;"Running Contract/OK";209040;24;8710.0
5337;1886;19960731;"Running Contract/OK";162468;36;4513.0
5338;1888;19970830;"Contract Finished/Loan not Payed";57360;12;4780.0
5343;1906;19971008;"Running Contract/OK";44952;24;1873.0
5346;1928;19981206;"Running Contract/OK";55632;24;2318.0
5350;1967;19960421;"Running Contract/OK";249312;48;5194.0
5351;1978;19941204;"Contract Finished/No Problems";205200;36;5700.0
5352;1993;19950415;"Contract Finished/Loan not Payed";68400;12;5700.0
5354;2000;19980714;"Running Contract/OK";290820;60;4847.0
5358;2018;19970121;"Contract Finished/No Problems";38520;12;3210.0
5360;2035;19980125;"Running Contract/OK";176328;36;4898.0
5363;2051;19970422;"Running Contract/Client in Debt";293880;60;4898.0
5365;2055;19980719;"Running Contract/OK";271260;60;4521.0
5366;2062;19961029;"Contract Finished/No Problems";86184;12;7182.0
5367;2064;19970826;"Running Contract/OK";83628;36;2323.0
5368;2073;19981005;"Running Contract/OK";44640;24;1860.0
5369;2080;19970912;"Running Contract/OK";214596;36;5961.0
5375;2106;19961003;"Contract Finished/No Problems";101520;12;8460.0
5377;2116;19970804;"Contract Finished/No Problems";92400;12;7700.0
5382;2134;19970317;"Running Contract/OK";22932;36;637.0
5384;2142;19980307;"Running Contract/OK";23328;12;1944.0
5385;2143;19960909;"Running Contract/OK";71460;36;1985.0
5388;2153;19961128;"Contract Finished/No Problems";61560;12;5130.0
5389;2165;19970822;"Running Contract/OK";78600;24;3275.0
5390;2167;19941030;"Contract Finished/No Problems";170256;24;7094.0
5395;2176;19940730;"Contract Finished/Loan not Payed";299088;36;8308.0
5398;2187;19971104;"Contract Finished/No Problems";53472;12;4456.0
5409;2218;19951118;"Running Contract/OK";182040;60;3034.0
5413;2227;19951212;"Contract Finished/No Problems";92976;24;3874.0
5414;2228;19950329;"Running Contract/OK";185952;48;3874.0
5415;2236;19960926;"Running Contract/Client in Debt";139464;36;3874.0
5418;2245;19950116;"Running Contract/OK";347952;48;7249.0
5419;2246;19970205;"Running Contract/OK";415800;60;6930.0
5420;2247;19970224;"Running Contract/OK";72504;24;3021.0
5428;2262;19981202;"Running Contract/OK";230220;36;6395.0
5429;2268;19960718;"Running Contract/OK";20196;36;561.0
5435;2279;19980601;"Running Contract/OK";314688;48;6556.0
5445;2322;19960629;"Contract Finished/No Problems";46320;24;1930.0
5446;2334;19970804;"Running Contract/OK";48312;24;2013.0
5447;2335;19971112;"Running Contract/Client in Debt";541200;60;9020.0
5449;2343;19951104;"Contract Finished/No Problems";99336;24;4139.0
5450;2345;19941211;"Running Contract/OK";199680;60;3328.0
5451;2350;19970511;"Running Contract/OK";159744;48;3328.0
5452;2352;19960429;"Running Contract/OK";49440;60;824.0
5453;2361;19950401;"Contract Finished/No Problems";156672;36;4352.0
5463;2413;19981006;"Running Contract/OK";17952;12;1496.0
5464;2419;19950130;"Contract Finished/No Problems";95808;12;7984.0
5469;2445;19971226;"Running Contract/OK";293160;60;4886.0
5470;2456;19960415;"Running Contract/OK";200976;48;4187.0
5479;2486;19940110;"Contract Finished/No Problems";24516;12;2043.0
5482;2496;19960112;"Running Contract/OK";165120;60;2752.0
5486;2516;19970613;"Running Contract/OK";466608;48;9721.0
5491;2545;19980213;"Running Contract/OK";428784;48;8933.0
5494;2572;19960613;"Running Contract/OK";360000;48;7500.0
5495;2580;19960802;"Running Contract/OK";89340;60;1489.0
5501;2622;19980521;"Running Contract/OK";136344;24;5681.0
5519;2694;19940308;"Contract Finished/No Problems";91632;12;7636.0
5520;2699;19980830;"Running Contract/OK";231168;48;4816.0
5523;2705;19931208;"Contract Finished/No Problems";93888;36;2608.0
5525;2720;19980427;"Running Contract/OK";93888;36;2608.0
5526;2725;19981108;"Running Contract/OK";69624;36;1934.0
5527;2728;19980615;"Running Contract/OK";156420;60;2607.0
5531;2753;19970930;"Running Contract/OK";66432;24;2768.0
5532;2754;19970504;"Running Contract/OK";335280;48;6985.0
5533;2762;19940705;"Contract Finished/No Problems";111384;24;4641.0
5549;2824;19940716;"Running Contract/OK";50460;60;841.0
5556;2872;19970519;"Running Contract/OK";268320;60;4472.0
5561;2910;19980829;"Running Contract/OK";437460;60;7291.0
5563;2912;19960229;"Running Contract/OK";380160;60;6336.0
5568;2933;19940517;"Running Contract/OK";272520;60;4542.0
5569;2936;19980120;"Running Contract/OK";504000;60;8400.0
5576;2962;19941221;"Contract Finished/No Problems";31248;12;2604.0
5582;2982;19980417;"Running Contract/OK";41256;12;3438.0
5584;2986;19971206;"Running Contract/OK";24792;24;1033.0
5585;2988;19980708;"Running Contract/OK";88608;12;7384.0
5586;2994;19960914;"Running Contract/OK";48744;36;1354.0
5589;3005;19980605;"Running Contract/OK";390000;48;8125.0
5591;3021;19961204;"Running Contract/OK";155616;48;3242.0
5593;3037;19960418;"Running Contract/Client in Debt";277884;36;7719.0
5595;3050;19940902;"Contract Finished/No Problems";82896;12;6908.0
5599;3064;19950321;"Contract Finished/No Problems";15420;12;1285.0
5606;3084;19960828;"Running Contract/Client in Debt";253512;36;7042.0
5610;3112;19960224;"Running Contract/OK";123216;48;2567.0
5611;3115;19961115;"Running Contract/OK";321180;60;5353.0
5614;3137;19980921;"Running Contract/OK";253560;60;4226.0
5616;3143;19980515;"Running Contract/OK";130896;24;5454.0
5620;3161;19980616;"Running Contract/OK";30012;12;2501.0
5624;3166;19950103;"Running Contract/Client in Debt";177744;48;3703.0
5625;3189;19961215;"Running Contract/Client in Debt";222180;60;3703.0
5634;3229;19970501;"Contract Finished/No Problems";39024;12;3252.0
5635;3230;19961004;"Running Contract/OK";77184;36;2144.0
5638;3249;19970827;"Contract Finished/No Problems";68124;12;5677.0
5643;3273;19970921;"Contract Finished/Loan not Payed";94512;12;7876.0
5644;3293;19981127;"Running Contract/OK";276084;36;7669.0
5651;3329;19971208;"Contract Finished/No Problems";19248;12;1604.0
5656;3353;19970209;"Running Contract/OK";146064;24;6086.0
5657;3354;19940705;"Contract Finished/No Problems";4980;12;415.0
5665;3390;19980311;"Running Contract/OK";40632;12;3386.0
5669;3403;19980627;"Running Contract/OK";71820;36;1995.0
5674;3418;19970610;"Running Contract/OK";207264;48;4318.0
5681;3448;19971020;"Running Contract/OK";68664;24;2861.0
5682;3455;19970307;"Contract Finished/No Problems";67464;12;5622.0
5683;3460;19980529;"Running Contract/OK";140688;48;2931.0
5693;3489;19950801;"Contract Finished/No Problems";44088;24;1837.0
5698;3556;19980922;"Running Contract/OK";174840;60;2914.0
5699;3562;19980524;"Running Contract/OK";174960;24;7290.0
5706;3608;19960524;"Running Contract/OK";161496;36;4486.0
5713;3629;19950530;"Running Contract/OK";158760;60;2646.0
5718;3637;19970901;"Contract Finished/No Problems";14028;12;1169.0
5719;3664;19970920;"Running Contract/OK";271584;48;5658.0
5723;3674;19940910;"Contract Finished/No Problems";23628;12;1969.0
5724;3678;19950205;"Running Contract/Client in Debt";316140;60;5269.0
5725;3679;19960723;"Running Contract/OK";444864;48;9268.0
5731;3711;19971105;"Running Contract/Client in Debt";460980;60;7683.0
5739;3747;19950102;"Contract Finished/No Problems";76380;12;6365.0
5740;3752;19950402;"Contract Finished/No Problems";18564;12;1547.0
5741;3754;19961103;"Contract Finished/No Problems";68544;24;2856.0
5750;3804;19960208;"Contract Finished/No Problems";63252;12;5271.0
5754;3834;19940928;"Contract Finished/No Problems";23052;12;1921.0
5758;3859;19970502;"Running Contract/Client in Debt";307200;60;5120.0
5760;3862;19980918;"Running Contract/OK";74916;36;2081.0
5765;3875;19980210;"Running Contract/OK";153936;24;6414.0
5772;3906;19980308;"Running Contract/OK";334620;60;5577.0
5773;3907;19980316;"Running Contract/OK";133848;24;5577.0
5774;3916;19980712;"Running Contract/OK";96984;36;2694.0
5779;3942;19971014;"Running Contract/OK";107352;36;2982.0
5782;3953;19980104;"Running Contract/OK";63576;12;5298.0
5784;3967;19970329;"Running Contract/Client in Debt";84600;36;2350.0
5790;4033;19970320;"Running Contract/OK";84288;48;1756.0
5799;4052;19971228;"Running Contract/OK";106128;36;2948.0
5804;4079;19950405;"Running Contract/OK";158976;48;3312.0
5805;4081;19951128;"Contract Finished/Loan not Payed";137904;24;5746.0
5808;4099;19970731;"Running Contract/OK";41856;48;872.0
5815;4116;19980603;"Running Contract/OK";151200;36;4200.0
5817;4127;19970815;"Running Contract/Client in Debt";100800;24;4200.0
5823;4144;19980621;"Running Contract/OK";212976;36;5916.0
5830;4190;19970828;"Running Contract/OK";405780;60;6763.0
5836;4259;19940827;"Contract Finished/No Problems";79632;24;3318.0
5837;4260;19940629;"Running Contract/OK";244560;60;4076.0
5841;4268;19981104;"Running Contract/OK";41988;12;3499.0
5850;4293;19970522;"Running Contract/OK";164196;36;4561.0
5856;4320;19970809;"Contract Finished/Loan not Payed";51360;12;4280.0
5861;4337;19941208;"Contract Finished/No Problems";51408;24;2142.0
5862;4342;19971209;"Running Contract/OK";100128;24;4172.0
5865;4354;19981030;"Running Contract/OK";327660;60;5461.0
5868;4361;19970329;"Contract Finished/No Problems";90156;12;7513.0
5876;4413;19950208;"Running Contract/OK";221280;48;4610.0
5877;4414;19950223;"Contract Finished/No Problems";97224;24;4051.0
5878;4415;19970401;"Contract Finished/No Problems";74040;12;6170.0
5880;4423;19951031;"Contract Finished/No Problems";73836;36;2051.0
5882;4427;19940926;"Contract Finished/No Problems";87816;12;7318.0
5886;4447;19961031;"Running Contract/OK";192744;36;5354.0
5887;4448;19941003;"Contract Finished/No Problems";192744;36;5354.0
5889;4456;19980209;"Running Contract/OK";321240;60;5354.0
5892;4462;19960514;"Contract Finished/Loan not Payed";66480;24;2770.0
5893;4467;19980803;"Running Contract/OK";86184;36;2394.0
5895;4473;19970103;"Running Contract/OK";93960;60;1566.0
5897;4476;19960925;"Contract Finished/No Problems";15192;24;633.0
5900;4503;19960101;"Running Contract/OK";135360;48;2820.0
5906;4533;19980505;"Running Contract/OK";81144;36;2254.0
5909;4550;19980103;"Running Contract/OK";61320;60;1022.0
5918;4576;19940604;"Contract Finished/No Problems";300204;36;8339.0
5922;4580;19950805;"Contract Finished/No Problems";20220;12;1685.0
5923;4585;19961010;"Running Contract/OK";64656;48;1347.0
5930;4616;19980112;"Running Contract/OK";66696;24;2779.0
5931;4618;19970317;"Running Contract/Client in Debt";66696;24;2779.0
5932;4626;19970618;"Contract Finished/No Problems";33348;12;2779.0
5933;4631;19971213;"Running Contract/OK";87528;24;3647.0
5938;4650;19960825;"Running Contract/OK";402000;60;6700.0
5940;4660;19970528;"Running Contract/OK";106944;24;4456.0
5942;4681;19970315;"Running Contract/OK";162624;48;3388.0
5953;4715;19970314;"Running Contract/OK";97176;24;4049.0
5956;4725;19971104;"Running Contract/OK";168264;36;4674.0
5959;4727;19950811;"Contract Finished/No Problems";107640;24;4485.0
5963;4746;19970907;"Running Contract/OK";204780;60;3413.0
5970;4774;19950709;"Running Contract/OK";465072;48;9689.0
5973;4784;19971124;"Running Contract/OK";219456;48;4572.0
5976;4794;19971227;"Running Contract/Client in Debt";465504;48;9698.0
5977;4803;19970225;"Running Contract/OK";59136;48;1232.0
5980;4825;19950818;"Contract Finished/No Problems";21396;12;1783.0
5988;4851;19960822;"Contract Finished/No Problems";141648;24;5902.0
5989;4852;19960304;"Running Contract/OK";213300;36;5925.0
5991;4858;19980727;"Running Contract/Client in Debt";335184;48;6983.0
5992;4863;19970318;"Contract Finished/No Problems";76080;12;6340.0
5997;4894;19931104;"Contract Finished/No Problems";117024;24;4876.0
5999;4907;19960103;"Running Contract/OK";98832;48;2059.0
6004;4937;19940723;"Contract Finished/No Problems";143904;24;5996.0
6006;4948;19961115;"Running Contract/OK";359760;60;5996.0
6007;4949;19970830;"Running Contract/OK";289920;48;6040.0
6010;4969;19970306;"Running Contract/OK";150180;60;2503.0
6011;4981;19961128;"Running Contract/OK";179328;48;3736.0
6012;4994;19960803;"Running Contract/OK";258444;36;7179.0
6013;4995;19960203;"Running Contract/Client in Debt";128988;36;3583.0
6014;4999;19970518;"Running Contract/OK";165168;36;4588.0
6015;5001;19961109;"Contract Finished/No Problems";110112;24;4588.0
6019;5033;19960725;"Contract Finished/No Problems";11400;12;950.0
6027;5066;19960210;"Contract Finished/Loan not Payed";61656;24;2569.0
6028;5072;19970209;"Running Contract/OK";317520;60;5292.0
6037;5118;19970504;"Running Contract/OK";53232;48;1109.0
6038;5120;19940810;"Contract Finished/No Problems";323472;48;6739.0
6043;5126;19960111;"Running Contract/OK";20352;48;424.0
6044;5133;19980127;"Running Contract/OK";57060;12;4755.0
6052;5164;19980323;"Running Contract/OK";22356;36;621.0
6054;5180;19980716;"Running Contract/OK";58764;12;4897.0
6055;5181;19970428;"Running Contract/OK";399120;60;6652.0
6059;5196;19971228;"Contract Finished/No Problems";79824;12;6652.0
6063;5213;19960425;"Running Contract/Client in Debt";320976;48;6687.0
6064;5215;19940804;"Contract Finished/No Problems";14628;12;1219.0
6066;5228;19940711;"Contract Finished/No Problems";173808;24;7242.0
6072;5256;19940510;"Contract Finished/No Problems";193968;36;5388.0
6073;5263;19961112;"Running Contract/OK";276300;60;4605.0
6075;5267;19971126;"Running Contract/Client in Debt";129312;24;5388.0
6076;5269;19970202;"Running Contract/OK";117420;60;1957.0
6077;5270;19931122;"Contract Finished/No Problems";79608;24;3317.0
6078;5283;19980909;"Running Contract/OK";170832;48;3559.0
6083;5305;19980331;"Running Contract/OK";240528;48;5011.0
6087;5313;19940227;"Running Contract/OK";300660;60;5011.0
6088;5317;19970307;"Running Contract/OK";90180;36;2505.0
6095;5358;19970124;"Running Contract/OK";68340;60;1139.0
6097;5362;19970821;"Running Contract/OK";202848;48;4226.0
6103;5385;19940407;"Running Contract/OK";149340;60;2489.0
6104;5395;19970905;"Running Contract/OK";158184;36;4394.0
6109;5422;19960603;"Running Contract/OK";368880;60;6148.0
6111;5428;19930924;"Contract Finished/Loan not Payed";174744;24;7281.0
6112;5442;19940617;"Contract Finished/Loan not Payed";174744;24;7281.0
6113;5445;19971001;"Running Contract/OK";78696;36;2186.0
6118;5477;19971004;"Running Contract/OK";349392;48;7279.0
6120;5481;19940911;"Contract Finished/No Problems";209184;48;4358.0
6130;5541;19960718;"Running Contract/OK";32640;48;680.0
6136;5572;19980419;"Running Contract/OK";140880;60;2348.0
6137;5574;19960410;"Contract Finished/No Problems";44628;12;3719.0
6142;5591;19970121;"Running Contract/OK";221880;60;3698.0
6144;5593;19960809;"Contract Finished/No Problems";44376;12;3698.0
6147;5602;19971228;"Running Contract/OK";177504;48;3698.0
6150;5622;19941102;"Contract Finished/No Problems";83016;12;6918.0
6151;5628;19950425;"Running Contract/OK";225420;60;3757.0
6153;5632;19950725;"Running Contract/OK";285600;60;4760.0
6157;5650;19950710;"Contract Finished/No Problems";98592;24;4108.0
6168;5698;19981121;"Running Contract/OK";99216;36;2756.0
6169;5700;19950316;"Running Contract/Client in Debt";103680;60;1728.0
6173;5724;19970108;"Running Contract/OK";232560;48;4845.0
6175;5735;19960221;"Running Contract/Client in Debt";290700;60;4845.0
6178;5742;19951216;"Running Contract/OK";232560;48;4845.0
6185;5774;19951128;"Contract Finished/No Problems";31176;24;1299.0
6190;5794;19960506;"Running Contract/OK";123600;60;2060.0
6196;5837;19970914;"Running Contract/OK";177804;36;4939.0
6202;5891;19940418;"Contract Finished/No Problems";65184;12;5432.0
6207;5912;19980623;"Running Contract/OK";184620;60;3077.0
6210;5927;19940606;"Contract Finished/Loan not Payed";87216;48;1817.0
6215;5944;19980618;"Running Contract/OK";78720;48;1640.0
6216;5952;19940930;"Contract Finished/No Problems";141240;24;5885.0
6223;5991;19941103;"Contract Finished/No Problems";61056;48;1272.0
6227;6030;19950304;"Contract Finished/No Problems";28248;24;1177.0
6228;6034;19931201;"Contract Finished/Loan not Payed";464520;60;7742.0
6229;6040;19941002;"Contract Finished/No Problems";11736;24;489.0
6232;6051;19940708;"Contract Finished/Loan not Payed";276660;36;7685.0
6234;6061;19980528;"Running Contract/OK";5148;12;429.0
6235;6062;19980419;"Running Contract/OK";321360;60;5356.0
6237;6075;19980106;"Running Contract/Client in Debt";407952;48;8499.0
6239;6083;19970928;"Running Contract/Client in Debt";360864;48;7518.0
6242;6097;19971022;"Running Contract/OK";26208;36;728.0
6244;6118;19950108;"Contract Finished/Loan not Payed";270648;36;7518.0
6249;6138;19970730;"Running Contract/OK";67608;24;2817.0
6253;6148;19941104;"Contract Finished/No Problems";59760;24;2490.0
6254;6157;19971228;"Running Contract/OK";247920;48;5165.0
6255;6158;19970208;"Running Contract/Client in Debt";247920;48;5165.0
6272;6226;19941220;"Running Contract/OK";398640;60;6644.0
6278;6265;19970610;"Running Contract/OK";87360;24;3640.0
6279;6273;19940607;"Contract Finished/No Problems";87360;24;3640.0
6283;6289;19960811;"Running Contract/OK";85632;48;1784.0
6294;6353;19950212;"Running Contract/OK";79920;60;1332.0
6296;6358;19960806;"Running Contract/OK";270384;48;5633.0
6297;6363;19941025;"Contract Finished/No Problems";17508;12;1459.0
6302;6397;19960916;"Running Contract/OK";181020;60;3017.0
6303;6400;19960212;"Contract Finished/Loan not Payed";72408;24;3017.0
6306;6425;19941220;"Contract Finished/No Problems";36684;12;3057.0
6309;6434;19961111;"Contract Finished/No Problems";110136;24;4589.0
6310;6440;19970617;"Contract Finished/No Problems";34572;12;2881.0
6312;6453;19980517;"Running Contract/OK";10944;36;304.0
6313;6461;19970615;"Running Contract/OK";150912;36;4192.0
6315;6472;19950206;"Contract Finished/No Problems";43164;12;3597.0
6316;6473;19940526;"Contract Finished/Loan not Payed";76908;12;6409.0
6320;6495;19980428;"Running Contract/OK";104964;12;8747.0
6321;6505;19981008;"Running Contract/OK";38496;12;3208.0
6322;6510;19970506;"Running Contract/OK";76992;24;3208.0
6336;6555;19940331;"Contract Finished/No Problems";212400;36;5900.0
6338;6592;19970824;"Running Contract/OK";390660;60;6511.0
6342;6609;19951112;"Contract Finished/Loan not Payed";60156;36;1671.0
6346;6649;19970522;"Running Contract/OK";100260;60;1671.0
6350;6678;19970709;"Running Contract/OK";294384;48;6133.0
6353;6686;19971225;"Running Contract/OK";116496;24;4854.0
6354;6688;19961023;"Running Contract/OK";22968;36;638.0
6355;6699;19970924;"Running Contract/OK";127200;48;2650.0
6356;6701;19931208;"Contract Finished/No Problems";95400;36;2650.0
6357;6706;19980712;"Running Contract/OK";64860;60;1081.0
6358;6715;19950114;"Running Contract/Client in Debt";137880;60;2298.0
6362;6738;19951031;"Contract Finished/No Problems";37908;12;3159.0
6377;6792;19970317;"Contract Finished/No Problems";17184;12;1432.0
6386;6856;19970430;"Running Contract/OK";124344;36;3454.0
6399;6902;19971221;"Running Contract/OK";49320;36;1370.0
6402;6922;19981206;"Running Contract/OK";139488;24;5812.0
6403;6924;19951205;"Running Contract/OK";194880;48;4060.0
6407;6930;19940526;"Contract Finished/No Problems";25944;24;1081.0
6415;6950;19970212;"Running Contract/OK";475680;48;9910.0
6421;6985;19960725;"Running Contract/OK";96768;36;2688.0
6435;7045;19970616;"Running Contract/OK";288720;48;6015.0
6436;7049;19980522;"Running Contract/OK";495180;60;8253.0
6437;7052;19971109;"Running Contract/Client in Debt";63972;36;1777.0
6442;7082;19980208;"Running Contract/OK";194160;48;4045.0
6450;7099;19980610;"Running Contract/OK";234336;48;4882.0
6456;7123;19931209;"Contract Finished/No Problems";47016;12;3918.0
6460;7133;19941106;"Contract Finished/No Problems";48672;36;1352.0
6461;7136;19960919;"Running Contract/OK";74124;36;2059.0
6464;7156;19980416;"Running Contract/OK";49488;24;2062.0
6468;7176;19971130;"Running Contract/OK";203940;60;3399.0
6469;7180;19981117;"Running Contract/OK";99744;24;4156.0
6470;7181;19980517;"Running Contract/OK";49872;12;4156.0
6471;7184;19960804;"Contract Finished/No Problems";155640;24;6485.0
6474;7190;19950606;"Running Contract/OK";63360;60;1056.0
6486;7240;19980115;"Running Contract/OK";152160;60;2536.0
6490;7262;19970210;"Running Contract/OK";73260;60;1221.0
6495;7274;19980312;"Running Contract/OK";49044;12;4087.0
6499;7401;19940105;"Contract Finished/No Problems";80952;24;3373.0
6501;7418;19960429;"Contract Finished/Loan not Payed";30276;12;2523.0
6502;7424;19971208;"Contract Finished/No Problems";30276;12;2523.0
6508;7437;19980419;"Running Contract/OK";110736;48;2307.0
6509;7445;19940315;"Contract Finished/No Problems";55368;24;2307.0
6512;7454;19940526;"Contract Finished/No Problems";63312;48;1319.0
6520;7485;19940316;"Contract Finished/No Problems";91200;24;3800.0
6526;7523;19950103;"Contract Finished/No Problems";288468;36;8013.0
6534;7542;19971019;"Running Contract/OK";590820;60;9847.0
6535;7546;19951102;"Contract Finished/No Problems";41952;12;3496.0
6539;7559;19980711;"Running Contract/OK";12792;12;1066.0
6540;7562;19951231;"Running Contract/OK";309600;48;6450.0
6541;7565;19970817;"Running Contract/OK";153504;48;3198.0
6544;7594;19971211;"Running Contract/OK";130464;48;2718.0
6545;7606;19951212;"Running Contract/OK";191880;60;3198.0
6546;7607;19950327;"Contract Finished/No Problems";31728;24;1322.0
6550;7614;19960518;"Running Contract/OK";320592;48;6679.0
6552;7632;19980108;"Running Contract/OK";170448;48;3551.0
6553;7636;19980126;"Running Contract/OK";42384;12;3532.0
6554;7637;19970129;"Running Contract/OK";390096;48;8127.0
6562;7674;19970321;"Running Contract/OK";94488;24;3937.0
6568;7713;19980225;"Running Contract/OK";220440;60;3674.0
6569;7721;19980528;"Running Contract/OK";45456;12;3788.0
6571;7733;19980512;"Running Contract/OK";140064;24;5836.0
6574;7745;19971220;"Running Contract/OK";77544;36;2154.0
6577;7753;19940311;"Contract Finished/No Problems";51696;24;2154.0
6578;7765;19951211;"Contract Finished/No Problems";27984;12;2332.0
6580;7769;19940522;"Contract Finished/No Problems";196080;48;4085.0
6585;7795;19961029;"Running Contract/OK";372120;60;6202.0
6589;7815;19960101;"Contract Finished/No Problems";189696;24;7904.0
6591;7819;19950202;"Running Contract/OK";20832;48;434.0
6594;7824;19940928;"Contract Finished/Loan not Payed";189696;24;7904.0
6596;7844;19940625;"Contract Finished/No Problems";91584;24;3816.0
6598;7857;19950118;"Contract Finished/No Problems";68112;12;5676.0
6599;7859;19961119;"Contract Finished/No Problems";72120;12;6010.0
6600;7861;19951008;"Contract Finished/No Problems";21852;36;607.0
6605;7890;19971014;"Running Contract/OK";79344;48;1653.0
6607;7894;19971021;"Running Contract/OK";153144;36;4254.0
6612;7907;19970831;"Contract Finished/No Problems";97392;12;8116.0
6613;7926;19960922;"Contract Finished/No Problems";84120;24;3505.0
6621;7957;19970614;"Contract Finished/No Problems";42900;12;3575.0
6624;7965;19940930;"Contract Finished/No Problems";71460;12;5955.0
6625;7966;19970907;"Running Contract/Client in Debt";473280;60;7888.0
6632;7990;19980423;"Running Contract/OK";144960;48;3020.0
6633;7997;19980205;"Running Contract/OK";160656;24;6694.0
6641;8026;19970909;"Running Contract/OK";128268;36;3563.0
6642;8027;19940605;"Contract Finished/No Problems";77640;12;6470.0
6643;8038;19980118;"Running Contract/OK";35856;24;1494.0
6644;8039;19961020;"Contract Finished/No Problems";93600;24;3900.0
6645;8041;19941106;"Contract Finished/No Problems";140400;36;3900.0
6647;8051;19940601;"Contract Finished/No Problems";208320;48;4340.0
6650;8073;19940217;"Contract Finished/Loan not Payed";49320;12;4110.0
6655;8085;19971017;"Running Contract/Client in Debt";260400;60;4340.0
6659;8092;19960220;"Running Contract/OK";56100;60;935.0
6660;8094;19970509;"Running Contract/OK";220428;36;6123.0
6665;8114;19970815;"Running Contract/OK";99300;60;1655.0
6667;8127;19960715;"Contract Finished/No Problems";155880;24;6495.0
6668;8129;19940730;"Contract Finished/No Problems";74736;36;2076.0
6675;8158;19971101;"Running Contract/OK";238716;36;6631.0
6676;8159;19950613;"Contract Finished/No Problems";29784;24;1241.0
6677;8169;19970812;"Running Contract/OK";97980;60;1633.0
6678;8173;19940520;"Contract Finished/No Problems";80340;12;6695.0
6682;8225;19980330;"Running Contract/Client in Debt";36204;12;3017.0
6686;8260;19940825;"Contract Finished/No Problems";224604;36;6239.0
6687;8261;19930913;"Contract Finished/No Problems";87840;24;3660.0
6688;8268;19970926;"Running Contract/OK";8616;24;359.0
6694;8316;19950319;"Contract Finished/No Problems";134784;24;5616.0
6695;8320;19970604;"Running Contract/OK";309660;60;5161.0
6696;8321;19940509;"Running Contract/OK";89040;60;1484.0
6698;8327;19960310;"Running Contract/OK";247728;48;5161.0
6699;8330;19940330;"Contract Finished/No Problems";7656;24;319.0
6704;8377;19950601;"Running Contract/OK";417060;60;6951.0
6705;8381;19970725;"Running Contract/Client in Debt";333648;48;6951.0
6712;8405;19951014;"Running Contract/OK";266220;60;4437.0
6715;8411;19960506;"Running Contract/OK";220620;60;3677.0
6721;8475;19940121;"Contract Finished/No Problems";21072;24;878.0
6725;8489;19950623;"Contract Finished/No Problems";265320;36;7370.0
6726;8492;19950903;"Running Contract/OK";85860;60;1431.0
6727;8505;19971210;"Contract Finished/No Problems";42840;12;3570.0
6729;8519;19940811;"Contract Finished/No Problems";74688;12;6224.0
6730;8523;19980215;"Running Contract/OK";93036;12;7753.0
6732;8533;19960919;"Running Contract/OK";174048;48;3626.0
6734;8547;19960530;"Running Contract/OK";173016;36;4806.0
6736;8558;19940614;"Running Contract/OK";288360;60;4806.0
6737;8564;19950311;"Contract Finished/No Problems";76680;24;3195.0
6738;8566;19940929;"Contract Finished/Loan not Payed";230220;36;6395.0
6745;8625;19950410;"Contract Finished/No Problems";47304;24;1971.0
6746;8639;19980606;"Running Contract/OK";185640;60;3094.0
6748;8645;19981208;"Running Contract/OK";240900;60;4015.0
6751;8680;19960714;"Running Contract/OK";85716;36;2381.0
6753;8688;19970320;"Contract Finished/No Problems";67980;12;5665.0
6755;8713;19980724;"Running Contract/OK";170700;60;2845.0
6758;8742;19970729;"Contract Finished/No Problems";33144;12;2762.0
6763;8772;19970619;"Running Contract/OK";88272;48;1839.0
6764;8776;19950826;"Running Contract/OK";33984;48;708.0
6766;8784;19980428;"Running Contract/OK";74352;24;3098.0
6785;8899;19951225;"Running Contract/OK";125340;60;2089.0
6790;8919;19980608;"Running Contract/OK";76104;24;3171.0
6791;8926;19980123;"Running Contract/OK";566640;60;9444.0
6793;8931;19970130;"Running Contract/OK";186300;60;3105.0
6805;8972;19961221;"Running Contract/OK";45024;48;938.0
6808;8982;19941012;"Contract Finished/No Problems";227880;36;6330.0
6810;9006;19960608;"Running Contract/OK";186384;48;3883.0
6816;9017;19960326;"Running Contract/Client in Debt";100224;48;2088.0
6817;9024;19961004;"Running Contract/OK";70656;48;1472.0
6818;9030;19961212;"Running Contract/OK";155616;48;3242.0
6819;9031;19970503;"Running Contract/OK";50112;24;2088.0
6820;9034;19931216;"Contract Finished/No Problems";38148;12;3179.0
6821;9037;19980915;"Running Contract/OK";321936;48;6707.0
6824;9052;19970226;"Running Contract/Client in Debt";71976;24;2999.0
6836;9093;19940803;"Running Contract/OK";189300;60;3155.0
6841;9104;19940807;"Contract Finished/No Problems";172080;48;3585.0
6851;9138;19970603;"Running Contract/Client in Debt";272220;60;4537.0
6852;9140;19981110;"Running Contract/OK";16032;48;334.0
6855;9153;19980301;"Running Contract/OK";52236;36;1451.0
6856;9156;19981201;"Running Contract/OK";163332;36;4537.0
6857;9159;19980608;"Running Contract/OK";69600;48;1450.0
6859;9167;19980307;"Running Contract/OK";272220;60;4537.0
6861;9179;19980228;"Running Contract/OK";215040;60;3584.0
6863;9188;19930728;"Contract Finished/No Problems";127080;60;2118.0
6865;9199;19960911;"Contract Finished/Loan not Payed";29448;12;2454.0
6866;9201;19980205;"Running Contract/OK";122472;24;5103.0
6868;9208;19981012;"Running Contract/OK";82128;24;3422.0
6871;9225;19970413;"Running Contract/OK";164256;48;3422.0
6872;9227;19980429;"Running Contract/OK";191580;60;3193.0
6875;9235;19970313;"Running Contract/OK";83280;48;1735.0
6876;9236;19931221;"Contract Finished/No Problems";86616;12;7218.0
6877;9241;19970619;"Running Contract/OK";285240;60;4754.0
6878;9242;19970124;"Contract Finished/No Problems";23184;12;1932.0
6887;9263;19970508;"Contract Finished/No Problems";39576;12;3298.0
6888;9265;19940711;"Contract Finished/No Problems";39576;12;3298.0
6895;9307;19940919;"Contract Finished/No Problems";41904;12;3492.0
6903;9337;19940604;"Contract Finished/No Problems";52128;24;2172.0
6908;9353;19970608;"Running Contract/OK";188616;24;7859.0
6913;9377;19970429;"Running Contract/OK";99936;24;4164.0
6919;9403;19940805;"Contract Finished/No Problems";120888;36;3358.0
6921;9422;19961029;"Contract Finished/No Problems";86184;12;7182.0
6922;9424;19970826;"Running Contract/OK";83628;36;2323.0
6923;9433;19981005;"Running Contract/OK";44640;24;1860.0
6926;9455;19980207;"Running Contract/OK";374760;60;6246.0
6929;9472;19950508;"Contract Finished/No Problems";36396;12;3033.0
6932;9491;19980625;"Running Contract/OK";225504;48;4698.0
6933;9493;19950909;"Running Contract/OK";188688;48;3931.0
6934;9494;19970209;"Contract Finished/No Problems";116832;12;9736.0
6938;9504;19970310;"Running Contract/OK";341280;60;5688.0
6940;9510;19961122;"Running Contract/OK";228276;36;6341.0
6942;9513;19970716;"Contract Finished/No Problems";18324;12;1527.0
6944;9548;19961115;"Running Contract/OK";46176;48;962.0
6948;9560;19980315;"Running Contract/OK";157068;36;4363.0
6949;9583;19951212;"Contract Finished/No Problems";104712;24;4363.0
6950;9591;19950411;"Contract Finished/No Problems";104712;24;4363.0
6955;9627;19951122;"Running Contract/OK";244368;48;5091.0
6956;9631;19971109;"Running Contract/OK";59448;24;2477.0
6959;9633;19970630;"Running Contract/Client in Debt";59448;24;2477.0
6960;9640;19950111;"Contract Finished/No Problems";76416;24;3184.0
6961;9645;19960606;"Running Contract/OK";176148;36;4893.0
6962;9646;19980402;"Running Contract/OK";279072;48;5814.0
6965;9656;19950613;"Contract Finished/No Problems";139536;24;5814.0
6969;9673;19980912;"Running Contract/OK";88200;36;2450.0
6970;9677;19970617;"Running Contract/OK";31620;60;527.0
6984;9730;19970815;"Running Contract/OK";116040;60;1934.0
6985;9731;19951122;"Contract Finished/No Problems";113796;36;3161.0
6986;9750;19950211;"Running Contract/Client in Debt";151728;48;3161.0
6992;9790;19960727;"Running Contract/OK";133968;48;2791.0
6995;9814;19960926;"Contract Finished/No Problems";96168;12;8014.0
6996;9828;19950413;"Contract Finished/No Problems";126600;24;5275.0
6998;9833;19940521;"Contract Finished/No Problems";97632;12;8136.0
7001;9859;19970810;"Running Contract/OK";300600;60;5010.0
7004;9869;19950315;"Running Contract/OK";331560;60;5526.0
7008;9897;19950922;"Contract Finished/No Problems";36168;12;3014.0
7013;9928;19960802;"Running Contract/OK";89340;60;1489.0
7034;10001;19960711;"Running Contract/OK";19044;36;529.0
7035;10005;19980729;"Running Contract/OK";210744;36;5854.0
7036;10019;19960925;"Running Contract/OK";194940;36;5415.0
7037;10022;19980103;"Running Contract/OK";218064;48;4543.0
7046;10049;19970328;"Contract Finished/No Problems";91632;12;7636.0
7049;10063;19970624;"Running Contract/OK";233424;36;6484.0
7050;10065;19970923;"Running Contract/OK";311232;48;6484.0
7051;10068;19970728;"Contract Finished/No Problems";77808;12;6484.0
7055;10079;19940406;"Running Contract/OK";167100;60;2785.0
7057;10093;19951020;"Contract Finished/No Problems";231696;36;6436.0
7061;10105;19940827;"Contract Finished/No Problems";121896;24;5079.0
7066;10131;19940502;"Contract Finished/Loan not Payed";215388;36;5983.0
7067;10134;19980111;"Running Contract/OK";136368;24;5682.0
7072;10148;19980127;"Running Contract/OK";22104;12;1842.0
7085;10202;19970619;"Running Contract/OK";305424;48;6363.0
7087;10215;19970220;"Running Contract/OK";44304;24;1846.0
7088;10233;19970503;"Running Contract/OK";239160;60;3986.0
7091;10243;19980922;"Running Contract/OK";113436;36;3151.0
7096;10257;19980902;"Running Contract/OK";37812;12;3151.0
7097;10266;19931223;"Contract Finished/Loan not Payed";75624;24;3151.0
7100;10280;19971231;"Running Contract/OK";348120;60;5802.0
7101;10297;19961118;"Running Contract/OK";421008;48;8771.0
7104;10320;19931213;"Contract Finished/No Problems";259740;60;4329.0
7110;10345;19980121;"Running Contract/OK";31260;12;2605.0
7115;10351;19970304;"Running Contract/OK";88704;48;1848.0
7119;10361;19970602;"Contract Finished/No Problems";86880;12;7240.0
7121;10364;19931110;"Contract Finished/No Problems";21924;36;609.0
7122;10365;19970104;"Running Contract/Client in Debt";260640;36;7240.0
7129;10404;19980301;"Running Contract/OK";194280;60;3238.0
7130;10411;19961211;"Contract Finished/No Problems";123408;24;5142.0
7136;10436;19960928;"Running Contract/OK";54396;36;1511.0
7137;10439;19940603;"Contract Finished/No Problems";151560;24;6315.0
7138;10440;19950703;"Running Contract/OK";60000;60;1000.0
7139;10445;19980122;"Running Contract/OK";23412;12;1951.0
7142;10451;19941219;"Running Contract/Client in Debt";482940;60;8049.0
7147;10478;19980102;"Running Contract/OK";267600;48;5575.0
7151;10493;19980218;"Running Contract/OK";133800;24;5575.0
7154;10520;19961205;"Running Contract/OK";417600;60;6960.0
7164;10613;19980815;"Running Contract/OK";249792;48;5204.0
7166;10630;19950624;"Contract Finished/No Problems";198240;24;8260.0
7167;10644;19980618;"Running Contract/OK";269964;36;7499.0
7168;10645;19980705;"Running Contract/OK";208332;36;5787.0
7171;10650;19980224;"Running Contract/OK";196224;48;4088.0
7172;10652;19980507;"Running Contract/OK";45720;12;3810.0
7176;10663;19951028;"Contract Finished/No Problems";260028;36;7223.0
7181;10679;19971002;"Running Contract/OK";197808;24;8242.0
7187;10711;19971224;"Running Contract/OK";24180;60;403.0
7189;10728;19960321;"Running Contract/OK";154656;48;3222.0
7192;10738;19941221;"Contract Finished/No Problems";115992;36;3222.0
7194;10762;19960917;"Running Contract/OK";68832;36;1912.0
7195;10774;19980423;"Running Contract/OK";339168;48;7066.0
7198;10788;19940823;"Contract Finished/No Problems";45768;12;3814.0
7199;10789;19971209;"Contract Finished/No Problems";45768;12;3814.0
7200;10799;19980711;"Running Contract/OK";31140;60;519.0
7201;10807;19970307;"Contract Finished/No Problems";67464;12;5622.0
7202;10812;19980529;"Running Contract/OK";140688;48;2931.0
7209;10857;19971130;"Running Contract/Client in Debt";385560;60;6426.0
7213;10884;19960213;"Running Contract/OK";113544;36;3154.0
7219;10905;19970823;"Running Contract/OK";57120;48;1190.0
7220;10911;19940728;"Contract Finished/No Problems";131292;36;3647.0
7221;10915;19980611;"Running Contract/OK";152460;60;2541.0
7226;10940;19940223;"Contract Finished/No Problems";197748;36;5493.0
7227;10942;19951002;"Running Contract/OK";314520;60;5242.0
7230;10954;19970402;"Running Contract/OK";18720;60;312.0
7233;10963;19961225;"Running Contract/OK";115812;36;3217.0
7235;10973;19931013;"Contract Finished/No Problems";154416;48;3217.0
7240;11013;19930906;"Contract Finished/No Problems";274740;60;4579.0
7241;11021;19950304;"Contract Finished/Loan not Payed";168984;24;7041.0
7242;11027;19971023;"Running Contract/OK";48096;24;2004.0
7243;11042;19951204;"Contract Finished/No Problems";217152;36;6032.0
7246;11054;19960820;"Running Contract/OK";148920;60;2482.0
7249;11065;19940612;"Contract Finished/No Problems";69360;48;1445.0
7250;11069;19970304;"Running Contract/OK";119136;48;2482.0
7253;11079;19970426;"Contract Finished/No Problems";98304;12;8192.0
7255;11096;19970609;"Running Contract/OK";213300;60;3555.0
7259;11111;19940131;"Contract Finished/No Problems";108144;36;3004.0
7262;11135;19940301;"Contract Finished/No Problems";182628;36;5073.0
7263;11138;19960119;"Contract Finished/No Problems";89880;24;3745.0
7264;11141;19971007;"Contract Finished/No Problems";44940;12;3745.0
7271;11186;19961002;"Running Contract/OK";392460;60;6541.0
7277;11231;19971024;"Contract Finished/No Problems";89280;12;7440.0
7279;11244;19971211;"Running Contract/OK";155760;24;6490.0
7284;11265;19930915;"Contract Finished/No Problems";52788;12;4399.0
7286;11271;19970131;"Running Contract/OK";67320;36;1870.0
7292;11317;19981122;"Running Contract/OK";317460;60;5291.0
7294;11327;19980927;"Running Contract/OK";39168;24;1632.0
7295;11328;19980718;"Running Contract/OK";280440;60;4674.0
7304;11349;19951029;"Running Contract/OK";419880;60;6998.0
7305;11359;19960806;"Contract Finished/No Problems";54024;12;4502.0
7308;11362;19961227;"Contract Finished/No Problems";129408;24;5392.0
